id,example,label
547,RT VersaceSilk: When you and your boys discover a hoe ,offensive
83,FreeAJay you understand you look like a real life dyke right? Like you look like a WNBA dyke bro. A sports bra &amp; bball shorts wearing dyke,hate
229,RT DanielGennaoui: A bird that courts females by building a beautiful nest with bright objects:  &#8230; #wildlife ,none
508,"RT DezzzyBo: I want attention yet she's on twitter talking about getting somebodies dick wet tonight and what her tongue does, deez hoes g&#8230;",offensive
257,"RT FriendlyAssh0le: Todays Horoscope: 

you're still a hoe

That is all. have a nice day",none
568,RobFernau GregAbbott_TX NRA dead babies piled up like trash at a dump Something to be proud of,offensive
560,That bitch said her pussy pops severely thoe &#128514;&#128514;&#128514;&#128514;,offensive
350,"almuirSI Probably, yeah. By most accounts, he has the personality to handle it though. And he can wear a yellow suit if he puts up points.",none
216,"Some black people live in an entirely different world where everything is peaches and cream, apparently. Take off the rose colored glasses.",none
268,RT danwashburn: The Man Who Captured Muammar Gaddafi Was Wearing A Yankees Cap: ,none
295,Nothing more yokel MSU fan than to constantly reassess Izzo *aka our only consistent winner since D. Daugherty or Biggie flipping Munn*,none
149,Those guys are the definition of white trash,hate
236,Real talk not being byes or nothin! The whole NFC south glad bag trash this year none of the teams have a chance making it to the playoffs!,none
173,"""ashlingwilde: ItsNotAdam is bored supposed to be cute, you faggot?"" Sometimes",hate
192,Hovaa_ #niggerfood #niggerperson #you #are #a #nigger,hate
227,"&#8220;lakeshow73: WCCORosen Too bad the optimism I have for the Royals, you don't have for the Twins!! Take those ""Rose(ie) colored glasses off",none
570,"There are girls. There are women. There are ladies. And there are bitches. You ma'am, is a beeeitch. A dumb ass bitch hahaha.",offensive
531,Some rednecks just raced down the freeway &gt;_e,offensive
1,RT Asshole_God: Hate fags? The answer's yes.,hate
219,RT chughes717: TyZebruh trash cans are always demanding new music from the gawd Tyga,none
326,TheLittleFella_ do yourself a favor and ball that up and throw in the trash.,none
514,"dont trust a hoe
never trust a hoe",offensive
176,AtBlackface MrMooncricket UncleUnco BobbyBotsods FuckTheMallcops RacistNegro69 ape? Fuck u broke ass racist,hate
461,I don't even play flappy bird anymore because fuck him,offensive
377,"elchavaloko Buckm00se yeah sorry monkey team just keeps kicking ppl, waiting for muh pizza",none
234,RT OGMarcusC: I hate stereotypes. Preconceived notions that black men are athletes or criminals.. Black women are ghetto and confined to t&#8230;,none
333,Some Jihadi posted a bio of the #ISIS boss Mr Awad with excellent sociological info. Can't thank him/her enough for the gift.,none
258,RT SC4K: Getting ready for the annual heart and sole luncheon RenHotels #cle with EricGordon_CEO ,none
337,MillerCoors Thanks for the follow guys! I'm enjoying a cold yellow belly right now.,none
207,Photo check for background spooks. ,none
5,Barbod6FCB _cblaze ODDBEAST cracker jack shut the fuck up,hate
145,People who grow their own vegetables are nothing but common peasant trash.,hate
389,"RT SBNation: Plenty of Kobe vs. Dwight trash talk after the game, too.  ",none
36,sassyharryballs ur ballsack is hairy gtfo tranny prude bitch,hate
358,McKinseey the grass is greener on the other side of the fence of course it's also a soggy septic field,none
458,"Dress like a hoe, I'm goin at you like a hoe just like any other nite. Forget Halloween.",offensive
495,"Lmfao but "" we don't talk "" gtfoh &#128514;&#128514; bitch I guessed it! &amp; I was right &#128514;&#128527;",offensive
474,Suck my super monkey balls,offensive
241,"""ArizonasFinest6: Why the eggplant emoji doe?""y he say she looked like scream lmao",none
325,"""iTrapWatermelon: tweety bird tho &#128514;&#128514;&#128514;&#128514;",none
529,RT LookinnnAss: - you a pussy I see yo whiskers!,offensive
348,"Mark Teixeira finally stepping up, HR and couple of BBs #Yankees",none
525,Totaled RT CSharp_C3ENT: Crashed dat hoe RT viaNAWF: Drake verse on that nicki &gt;&gt;&gt;&gt;&gt;,offensive
250,NipseyHussle nip Im tryna buy a copy of #Crenshaw!! But your  website is down.. Let me know something!,none
395,Now infuriated Jihadis are putting out murder requests on #Saudi fighter pilots who participated in the bombings in #Syria #ISIS,none
472,"She suckin on my dick, cuz I'm a pretty bitch",offensive
41,"RT Mitchellharri: Dont be a faggot, cover your mouth when you fkn cough or sneeze, I got a immune system to keep strong asshole",hate
569,RT Bayonettes: When you tweet som'n just for laughs &amp; a bitch wanna spoil the fun by getting Serious.. &#128530;&#128530; ,offensive
476,"damn I have nothing to tweet,nothing to complain or bitch about
): lol",offensive
127,Clan of retards...,hate
313,Even the birds think this waking up early thing is bunk. ,none
391,Charlie Baker for Mass Gov..the most lib newspaper in most lib state supports 'R' for Gov! DoG  via BostonGlobe,none
253,Lmfao RT NYDailyNews: The New York Yankees have won 27 World Series titles &#8211;&#160;the most of all-time.,none
12,"#faggots are MERELY a #scientific indicator that SOMETHING IS WRONG&gt; Do not celebrate as ""unique indiviuals"" for they are #cancer&gt;",hate
424,I only like women who&#8217;s pussy smell like burnt cheese,offensive
125,Gutierrez_Alf legit retard,hate
410,RT kingsleyyy: That look after you just put a bitch in their place ,offensive
430,yeah these valley faggots can go fuck themselves,offensive
435,"Talk alot of shit, but if I want ill put u on the spot so don't test me bitch!",offensive
536,RT estradax187: Money is the baddest bitch I know,offensive
304,They say one man's trash is the next man's treasure. Where one finds pain the next might find pleasure.,none
501,macktology101 for reals psycho ass bitch lol,offensive
581,b_shiznitt fuck you bitch,offensive
134,"Roses be red
Orchids be bigger 
Donts tell yo daddy
You fuckin a nigger 
#VDdie",hate
38,I'm seeing more &amp; more niggers migrating further up liberty rd... smh,hate
376,Casey Matthews is so trash this is BIG,none
397,I can't play flappy bird. It makes me angry.,none
553,"_DCorNothing_ KyariesDa4 he should! I got tired of hearing how he can eat pussy 10,000 ways like damn &#128514;&#128514;",offensive
153,Happy Columbus Day! Even #BillMaher likes #cocaine and #Columbus!!! What the fuck is wrong with you #liberals? Fuckin' #moron #retards....,hate
361,"RT scottvtracy: AbuYazidMuawiya amustafaanbari1 Congratulations for reinforcing the stereotype for insecure, uneducated, uncivilized, ba&#8230;",none
251,RT TheVoiceOfMiami: Miami* RT PacDaGoat: Houston has so many trash drivers,none
374,aurabogado el negro?,none
43,rickygervais BORING&amp;HACK allah and mohamed are also against fags.PLEASE mention them as well.did God take away your balls as punishment?,hate
180,"RT AnthonyBialy: Well, Maryland is just a bunch of hateful rednecks, anyway.",hate
396,I love me some chunky babies &#128525;&#128525;,none
238,"The Yankees are playing the tigers tonight. In other words, I am not friends with mtaraban.",none
118,DarienDaywalt bitch shut the fuck up goddam your a slut bitch whore nigga,hate
445,RT Yaremisxo: You hoes ain't worth losing sleep over,offensive
148,Watching the nigger movie Menace2society. Trying to learn more about the enemy. Good reconnaissance.,hate
146,elchavaloko who cares tbh ones a shitty dirty Argentino &amp; the other is a feather fisted nigger,hate
194,S_Roach happy birthday nicca do coon shit in a responsible way.,hate
74,joshgnf brana_nv define808 ironbjk mrjstn oh shut up faggot get a disease overused on twitter,hate
577,Big_Jim777 bitch,offensive
221,"DolfyAdolf 
Y'all gots betta machinery fo dat. Hanger be ghetto",none
167,bitchdicknigga you're a fucking nigger,hate
103,"Funniest yt comment I ever received was ""Niggers gonna nig *shrugs*"" .. lmao racist muthafucka caught me off guard",hate
131,"If a spic ever talks to a white person and the white person kills them, it's self defense.",hate
56,DIVERSITY: Chcgo Blck Pstr Flooded w/ Dth Threats Ovr Endorsement Of GOP Candidate: &#8220;U Sellout Uncle Tom Ass N*gger&#8221; ,hate
220,monkbent What's with that come-at-me-bro bird? Stressful.,none
524,"""XoXo__Angiee: Bruno fag boy"" you love me.",offensive
11,RT NoWomanIsRight: You can be a good girl all you want and those hoes still gonna get us niggas attention from time to time,hate
542,"Real shit. Now if the bitch want some grapes or something, THATS different.",offensive
123,Phillip Rivers look like he almost wants to call dude a nigger for that bad play,hate
92,#Dutch people who live outside of #NewYorkCity are all white trash.,hate
120,Most niccas broke but always n the limelight,hate
431,StephDaMARTIAN they made up endearing names for us like nigger spook &amp; monkey,offensive
94,My neighbors be sick when i wake um up to all this nigger music ctfu,hate
372,Don&#8217;t believe AP&#8217;s ho-hum tone: latest poll is great news for Republicans - Hot Air ,none
55,someones clearly a stinky ass beaner...,hate
320,"I was accused of never taking a full front face shot, so here is one. No slant or angle or nothing. :) ",none
17,ESPN keep hiring these dyke bitches and gay Spanish niggas to talk sports,hate
390,They got David taking out the trash &#128514;&#128514;&#128514;&#128514;,none
478,trash both ways lol RT AgdaCoroner: Bitch Killed Herself....Look Like Bill Maher With Makeup on ,offensive
174,Cute ass niggah. ,hate
497,RT LouieVRee: This bitch feet been through 20 years of slavery ,offensive
105,OVOtilUOverDose flossinlawson11 niggers*,hate
287,RT SeQuoia_Gabris: &#8220;UeonoYungJumbo: SeQuoia_Gabris yeah hoe!&#8221; But the babies are innocent lol so Gabriella still got her sister a birthd&#8230;,none
537,RT therealiman: The price of pussy in Toronto has now declined to one Henessey bottle and a quarter pounder combo with large fries.,offensive
249,"Stop Smokin' Bathsalt, Charlie Brown! #rejectedpeanutsspecials",none
270,Gonna shower for the sole purpose of shampooing my beard.,none
44,Matt_Petrie22 geta Life faggot,hate
60,"RT Bidenshairplugs: Anybody who trashes their own neighborhood after a perceived injustice is a fucking moron. 

#Ferguson",hate
332,"Who remembers when we were in middle school/high school and would throw paper in the trash from our seat and yell ""KOBE!"" Lmfaoooo",none
308,NotEvanLarkin bbcollins32 birds of a feather flock together y'all &#128037;&#128035;,none
267,Ain't no love in the ghetto &#128148;,none
248,"RT marksidaway: Last time #xfactor auditions came to Dublin, I auditioned MaryByrneMusic and NiallOfficial. And a man in a blue monkey s&#8230;",none
433,Hoes be like my niggas can't have no hoes... but that how he meet yo ass!,offensive
161,UberFacts studies show that you're a faggot,hate
271,"RT UberFacts: Mila Kunis has heterochromia iridum which gives her two different colored eyes. One eye is green, the other is brown.",none
375,RT ChamsFace4music: Early bird catches the worm people,none
404,Lol stop fuckin wit dem birds. RT Drako_713 Fuck y'all hoes all y'all do is lie,offensive
491,RT divonte_photos: Momma said no pussy cats inside of my dog house.,offensive
373,&#8220;BestOfAds: Rape? Cannibalism? You Won't Recognize The Original Versions Of These Fairy Tales  man wtf,none
483,RT ZitlalyL: You don't know maybe some bitches like a man in a tutu &#128514;&#128514;&#128054;,offensive
63,"karmendanielle_ u gotta slow down these coon hrs all they know is love n hip hop, lebron, &amp; fake love quotes",hate
98,delaney_guinan a faggot that needs to grow up,hate
159,"StarkFreeOrDie ...I fuckin' want OUT&gt; I'm tired of this bullshit faggot ass, closet racist, wannabe-commune-without-railroad state&gt; #Cali",hate
554,Fat bitches need love too I'll fuck em &#128175;&#128175;,offensive
557,if your trying out for Non-contact hockey dont call anyone else a pussy,offensive
309,"RT BaseballFact: At George Steinbrenner's first Yankees news conference, he said he wouldn't interfere in baseball decisions, promising ...",none
427,mel0_yell0w ain't that a bitch.,offensive
19,Punk ass broke faggots.,hate
580,quezada_carlos7. Right these hoes on my dick about u dats how,offensive
275,RT pambesteder: **WOW* according to this tweet by Tarascan68 Obama must have been an Uncle Tom? ,none
40,RT jasminee_gamboa: hoes will be hoes .,hate
355,I hear the birds in the summer breeze; I drive fast; I am alone at midnight.,none
208,"It's a plane, it's a bird, nah it's just me doing laps around the dam. Lol",none
29,RT InfidelAlie: Yay for America &amp; Israel... we put in more Jew Hating muslim trash into our government! pathetic &amp; sickening,hate
538,peteyhoti aubreykelson 'ell naw dogs run this bitch,offensive
587,deadass wanted the sauce till shit got real then niggas wanna back up ooh iight then smh pussy,offensive
421,Never tell a bitch that I love her,offensive
447,hi_imkadie I wouldn't know cause i don't fuck with these hoes,offensive
155,"sweetakin Only rich white liberals know what's best for black people. If they don't see that, they're obviously Uncle Toms.",hate
136,RT lildurk_: I don't fuck with bitch niggas I only fuck niggas bitches&#128556;,hate
388,#Yankees,none
469,jwill252 We got a win my nicca! Lmao,offensive
368,#Yankees Damn you DirectTv blackout the Yankee game. With a freaking WALK OFF! You're killing me satellite douche.,none
212,"RT PolitiBunny: #YesWeDid attack, harass, threaten, mock and bully any woman or minority who dared not fall in line with our progressive a&#8230;",none
504,RT CodeLez: You gotta know the difference between a good girl and good pussy,offensive
402,LobstrThinkTank but bitch nobody was wanting your ass. U assumed that cuz u let dogs run up in yo filth &amp; u think i want some of it...NOT!,offensive
579,Tylar____ xxJaiLynn Tylar shut up bitch . I usta make you these,offensive
254,slayerific13 daisymcgarr Like I said.. I might have to check but I'm just not sure bird shot counts as getting shot.,none
261,RT earthWormSLIM: if melo go to the bulls they still gon be trash unless melo get special privileges allowin him 2play in a allstar uniform,none
114,"4 old hoes, a ponk, and a dyke outchea having ""girl talk""",hate
213,Cheers young lady RT shik702 BmoreHumble foreverrrr younnnnng *grabs flask and chugs*,none
280,"One of my favorite songs. ""There's a man on the shoreline with a white parakeet trying to make his bird go home."" ",none
199,"""Why people think gay marriage is okay is beyond me. Sorry I don't want my future son seeing 2 fags walking down the street holding hands an",hate
380,them jants be clutch for bedtime tho &#128514;&#128557;,none
432,RT LaVidaJeannette: I hate when a bitch says she dont care if her nigga broke and he got nothing going for himself.. acting like a fake Ri&#8230;,offensive
152,Truth RT Adolfhibsta: Only a faggot would turn down hairy pussy,hate
437,#honestyhour we don't love these hoes,offensive
197,"#AZmonsoon lot of rain, too bad it wasn't enough to wash away the teabagger racist white trash in the state. #Tcot #teaparty #azflooding",hate
462,Let me text my hoes gm or sumpin,offensive
349,"Also, it&#8217;s a hiccup to Jihadi propaganda: they portray themselves as the only ones willing to die for their cause.",none
494,These hoes soo &#127805;&#127936;,offensive
480,RT ikesizzle: RT ericajenee_: &#8220;_SheDAzzle: Ike finna have the bitter bitches upsaught&#8221; - and he don't care lmao | not at all,offensive
367,SteveWorks4You you havent evolved as a human being. Typical meathead redneck. I pity you. You dont know what freedom is about......,none
575,chanelisabeth cuz ur a bird bitch,offensive
323,RT DragonBallDeez: *Atlanta RT PacDaGoat: Houston has so many trash drivers,none
86,Burn bitch ,hate
129,"""Hey go look at that video of the man that found the kidnapped girls in Ohio........what a nigger"" - #shitmybosssays",hate
406,"Do you expect me to be cute with you? Oh, hell no. I'm not a bitch, cuteness gets you planted in a relationship; a relationship you'll hate.",offensive
439,Nicki gottem MAD AS FUCK tho. However credit due to cassidy for the response he didn't diss nicki but killed you lookin ass bitches,offensive
492,So I keep cool but in the back of my mind I'm like did des hoes just come on my mf porch like ik dem,offensive
417,_lexisperez he ate my pussy i could..,offensive
559,b_shiznitt you lying bitch,offensive
80,"Bitch ass nigga, be hating on black women... Uncle Tom bitch punk.",hate
303,"RT EchelonInsights: Rick Scott beating win number in 30 counties, Charlie Crist in 13. #FLGOV",none
450,do bitches still love sosa? lmfaoooooooooooo,offensive
416,DarkLiquaNigga_ nigga grow some balls and concentrate pussy!!,offensive
85,sophhh_marie ugly emo trash go cut,hate
71,THERACISTDOCTOR One less little nigger that would grow up into a big nigger.,hate
407,Die twice bitch &#8220;DivaMonRoe2uHoE: Thank you. &#128536; &#8220;07Cannon: DivaMonRoe2uHoE you're the filthiest hoe of all time ,offensive
345,"I been to mushroom mountain
Once or twice but who's countin'
But nothin compares
To these blue &amp; yellow purple pills&#128156; ",none
121,RT librarianknight: More queer lady Templars. That's my point.,hate
169,"RT Tyler_Weddle_23: &#8220;Sexualgif: ""I hate that hoe already"" &#128514;&#128128;  &#128514;&#128514;&#128514; this shit cracks me up!",hate
574,This bitch needs to turn off her shitty music &#128544;,offensive
518,"I broke baby outta his thug stage n turned him into a pussy &#128514; , it was hard but I did it &#128129;&#128537; now he show more feelings than a lit bit",offensive
2,RT natal_mendoz: Whore slut cunt bitch nigga,hate
502,"She must not know I got over 3,000 followers breh this bitch gotta get the fuck up outta this VIP section dawg she decreasing my value",offensive
329,RT ProBirdRights: A marry between a man and woman people sloppery slop;then what is prevent a bird from marriage my sandwich??? I'm in lo&#8230;,none
555,I be joked out at half the broads on here that brag about how good they pussy/head game is...,offensive
138,America is white trash and so are all Americans.,hate
6,AndrewJBurns1 Tommy_Russell_ homo ass crackers,hate
205,85 species of birds reported in Chesterfield for the Great Backyard Bird Count. How many in your area? ,none
411,RT SLeyTMF: I aint nun to cut that bitch off,offensive
225,Abels_Masochist you're not ghetto tho. You can live in the hood and not be ghetto #facts,none
255,99 percent of the trash we dump in the sea is missing. This is not a good thing &#8594;  ,none
496,REAL NIGGA SPEAKING &#8220;DEON1093: PAPER_CHAYSIN you sound like a bitch&#8221;,offensive
486,RT IceTeaa__: The hoes yall chase want me &#128175;,offensive
196,RT XdalovelyTishai: Most of these niggas go broke for these hoes,hate
124,This nigga jerry room smell like bad pussy!&#128530;,hate
327,"lmaoooo RT ComedyTruth: Girls, don't let a guy treat you like a yellow starburst. You are a pink starburst.",none
14,SweetKixx u see a lame in that pic ofmine due to your infatuation with niggers. Im Hebrew i fite the children of satan in the streets,hate
112,CBSThisMorning charlierose racist NorahODonnell tx trash racist why wld u intvw MittRomney n ask racist questions itwas so disrespectful,hate
34,RT NerdAtCoolTable: RT RealSheemBacc: For every bad bitch there is a nigga who treats them like shit &amp; yet they stay..... I wanna ...,hate
242,Apple need to add some colored emoji,none
509,cristiannt_ nigga you beat who ass bitch we've never even fought so u need to stop making up shit and bring yo ass with them,offensive
233,"Do birds have dongs? How do they mate? Help me, I'm an adult who doesn't know how animal sex works!!!",none
32,"Pop a nigguh, sound like crisco",hate
335,SactownProidgy SpeakComedy yunglucy_ karon_avila I just noticed you guys called me a jiggaboo,none
168,Vanessa is such a fuckin faggot.,hate
45,"Gave her that ""move it lil nigger"" push smh.. ",hate
423,Bitches be like I want something real ... And I be like I want a bitch with real hair but we can't always get what we want now can we lol,offensive
218,"""EdgarPixar: Overdosing on heavy drugs doesn't sound bad tonight."" I do that pussy shit every day.",none
200,EXPOSED: Jihadi kidnap and murder handbook... and plan to infiltrate British Army and police  via wordpressdotcom,none
545,Where the hoes at ? We looking for the hoes AYEEE,offensive
434,RT _James_Kirby_: The bigger the hoops the bigger the hoe #jerryspringer #classic #truthhurts,offensive
57,JadeGreenleaf fag,hate
384,"RT weakenednachos: last thought before bed: in '92 we had a ""mock election"" in 3rd grade and i voted for Perot. maybe i related to his rea&#8230;",none
379,"RT SportsCenter: A WILD one in the Bronx.
Yankees score 6 runs in bottom of 7th to take 8-7 lead over Red Sox.
The half-inning took THIRTY&#8230;",none
102,OG_HARM moetzart duckydynamo look at this nigger ass nigger shit right here,hate
583,That bitch is corn fed,offensive
259,My mama made me some brownies they was everything &#128553;,none
276,Thinking bout those oysters at the gator bait tho&#128533;,none
190,"Eh bitch!? How about you worry about your own psychotic ass. Looks like you need to ""be saved"" from being a noisy bitch &#9996;&#65039;&#128139; #cantStandUcunt",hate
132,fucking CHRIST i hate tutors and TAs. you literally get paid to teach retards to stop picking their nose. GET THE FUCK OUTTA MY FACE,hate
517,RT Brucewayneakia: This is what the niggers dont like ,offensive
166,BossMelle never followed him ignorant monkey,hate
526,"I watched one and a bitch holding the camera said ""yall need to hurry up...my battery's about to die!"" NOOOOO!",offensive
223,I was in love with Charlie &#128553;,none
513,""" cancel that bitch like Nino """,offensive
588,These groupie bitches wild enough to suck a babies dick,offensive
392,TheLittleFella_ OLE_VertyBstard thereal_EMandM Justinrogo01 boooooooo that was trash,none
490,I gotta big head yah bitch I think it's crown sized,offensive
301,RT SuzanneEvans1: The Shocking True Stories Behind Your Favorite Classic Fairy Tales  via HuffPostBooks,none
463,"&#8220;FriendlyAssh0le: 5'3 200 lbs aint thick bitch, you a fucking warthog&#8221;&#128514;",offensive
187,I still think snap chat for faggots and High Schoolers,hate
285,Flyers4Cup boy I had no idea that was coming. It's called a smartphone. You're horrible at trash talk,none
457,"RT KillAllSimps: If this nigga Kanye took Kim K to Wendy's, this means y'all regular hoes don't deserve them $200 dates ",offensive
298,RT cwissi: beanies for life &#9697;&#776;&#8413; ,none
231,FuckKennyJ trash,none
596,Lmao look at these hoes RT RareHipHopPic: ,offensive
468,"RT SexTaIk: When you have a good girl, say no to hoes",offensive
385,segment finally did it. NEVER again watching #teabagger propaganda in the morning on #msnbc again. bpshow on #currenttv for me #morningjoe,none
403,Fuck all y'all hoes &#128567; gang shit &#128175;&#128175;,offensive
302,"after the steelers lost the superbowl i loaded up the black and yellow gmix on my moms computer, i think the youtube page is still open",none
128,"If you say any of the following words the convo is over: nigger, nigga, swag, yolo, fag, retard.",hate
365,imgooby you're not funny trash,none
104,georgiathenewsa you look like a welfare bitch compared to Latinas I date and fuck. You need fashion and makeup tips tbh,hate
262,"#BigBird was made by a gay couple. So yes, under a GOP world the bird would not have existed since its creators would be in jail for sodomy.",none
341,"A white lighter is bad luck, not yellow ur stupid",none
157,JGardenofEden KySportsRadio ryanlemond But...country music listeners really are hicks and alcoholics &#128514;&#128514;,hate
382,RT camilleftansel: i've read the hunger games 12 times i am trash,none
319,SoWavyTee hey Hun!,none
293,Sooo my first aid/cpr certification came in handy tonight. Glad I didn't lose my monkey Bekkalina13,none
222,Praise thy lord for this season of beanies that is upon us,none
110,RT jjauthor: US ghettos-driven by liberal ideology; forged by unions &amp; bankrupted by self-serving Dems catering to parasites!#tcot ,hate
122,The #south of the US is white trash.,hate
393,RT dsrtvet: FoxNews tjoy7 And I don't have any confidence NONWHATSOEVER in you Barack! You're the sole reason why this country is in thi&#8230;,none
336,RT kostaskarelis: Cincy fans talk trash about the city of #CLE and then root for the Cavs like they belong. #stillCLE #CLEallday #GoBrowns,none
338,This no beef thing is for the birds!!!,none
328,rasheedibrahim_ once it gets cold yall gonna be trash again lol,none
505,RT _MCBaybeh1218: Keep ur bitch on a leash .,offensive
426,"RT LessonswithKate: you got hoes, I got niggas.",offensive
357,IMNOTMAKINGITUP Hey u just followed me not long ago. Gonna nip that in da bud. like ur bio tho. U know the white devils stole our our,none
51,bitch you're white stfu with your shitty Spanish,hate
164,I knows y'all white folk only be playin wit me. I colored and I knows my place,hate
477,"DionPrimo The soul has departed from the train.There's no more soul in music.Just hunger for bitches,money and fame.",offensive
252,Jihadis circulating a video of the killing by Boko Haram of a Nigerian pilot captured after his helicopter was shoot down,none
597,Bad lil short fine bitch lil petite sumn,offensive
366,I'm hooked on monkey phonics.,none
387,No cuz redskins are dumpster juice RT trackinBlackKev: game of the week. still the best rivalry in sports,none
460,"I miss her but I can't bitch I was the one who fucked up, whatever",offensive
408,"RT Tahrell: Now, bitches gonna think just because they're married, they're better than every female that's not. Smh",offensive
181,"Niggas are so fucking gay... And they try to cancel it out by saying ""nah were bros it's cool"" nahhhhhaahahahaha you a faggot bruh",hate
441,"&#8220;itsDeSha__: I don't take people niggas bitches don't play about they niggas , specially they baby daddies &#128557;&#128514;&#128514;&#128514;&#8221;No BS",offensive
550,Oh my god oh my god.. I'm going to a bitch mob party today oh my god,offensive
47,RT jaymesshaylan: fuuck jalens a slow bitch!,hate
562,lilylovescamel auroraabartlett I like that your room isn't a big sloppy mess like most of these Twitter hoes,offensive
475,I'm a hoe for that &#128557;&#128557;&#128557;&#128557;&#128557;&#128514;&#128514;&#128514;&#128514;&#128514;,offensive
440,"RT skankymunter: Pissed in shower, now checking for yellow legs.",offensive
96,RT MANIAC3X: Buckm00se I'd rather be from a rancho then live in ghetto ass urban areas with niggers and nigger impersonators. Adopting ni&#8230;,hate
202,elchavaloko pinche panamonos negros me Dan asco,none
70,gvvenivere learn how to type ya hillbilly,hate
99,"You #football #nigga #KISS #ISIS #wifebeater #faggots&gt; WE SEE YOU&gt; Shout it out to the RADICAL #IslamNation, #YO&gt;",hate
381,"If you think that the term #redskins being offensive is a political issue, you are ignorant.",none
599,Get on your mutha fucking shit hoe.,offensive
418,I tell this bitch followback. She RTs me saying followback. Then doesn't followback. Blocked like fuck,offensive
84,Smh hate that hoe,hate
530,well i want to be Victoria's Secret dyke angel&#128124;&#128149;,offensive
317,You NEED an iPhone to use their stupid watch? Apple is just grabbing people ankles and shaking the money out of rubes pockets.,none
487,Horny mature babe in a kimono has her pussy fingered and&#160;fucked ,offensive
340,RT gojackets973: WesDurham its the start of another yellow jacket season tonight!!! How about a RT for ALL the Jacket Fans!!! #GTVT1 ...,none
3,Scandal: A Negro Bed Wench's Fairy-tale and propaganda:  via YouTube: A must see for Hebrew Daughters of Zion!,hate
170,coons,hate
175,Blackman38Tide lmfao go to bed whitey &#128129;,hate
61,you a pussy ass nigga and I know it nigga.,hate
316,RT Joan_Rivers: Charlie Sheen will star in a new sitcom as an anger management therapist. So what's next? Casey Anthony as the owner of ...,none
126,Why are some people such faggots? Like were you born that way or are you just that big of a douche bag.,hate
342,Too bad Brandon Lavergne isn't gonna have that vein spiked at Angola. #mickey,none
464,A hoe gone be a hoe they ain't &#128175;,offensive
77,"RT FaZeDedo: To the rejects who constantly call my house and are threatening to rape my mom, karma's a bitch. Rot in hell, faggots.",hate
273,"RT anitaphilmar: Fairy Fun - Losing her wings doesn't mean there aren't other ways to fly? #asmsg, #erotica #shortstory ",none
442,Niggas talk more than bitches these days,offensive
237,"RT 1goodlookingman: Bees won, Mets won, and the Yankees lost. It's a good day in baseball.",none
264,RT SullivanMcPig: If those Captcha pictures get any more fuzzy I'm going to need a bot to decipher them,none
198,"Fuckkkkk!!! My nig a g tho, he gonna come back",hate
528,Nower days the defenition of a bad bitch is how good her pussy is ?,offensive
178,"Just to get u mad go on your search bar on here and search up ""stupid niggers"" &amp; hop on somebodys head then mention me lol stonethegreat23",hate
422,butt chug 4lokos or nah,offensive
39,Buckm00se letsargueboxing sand nigger ran over some Kidd,hate
160,I be waking up on some new shit like fuck that bitch shit,hate
269,If only I dated a girl that lived off Mack Road I could just get the holy trinity of Sacramento ghettos on a daily basis,none
571,"RT HeavensWay_: &#8220;Thompson_Era: &#8220;JuniorMaye8: Thompson_Era it goes to her ego&#8221; 

And her head bc it sholl is big&#8221; bye bitches",offensive
137,"tell the hating niggah 
stfu",hate
27,Oskzilla fuck you fag!,hate
446,King_4_Murphy pussy,offensive
274,"""g0rillaz0e: Sitting on my window sill, window open, bird tries to fly in. Smacked it. #ProtectTheAnimals"" peta",none
454,Old hoes get mad when you don't show them the attention they want.,offensive
360,"I, for one, welcome our new Eastern Panhandle overlords, and hope they do a better job than the yokels who got us here in the first place.",none
420,Middle Eastern and Indonesian women are beautiful. Never seen a ugly bitch in a Bollywood film ever,offensive
584,So just chill hoe,offensive
163,_C_Parris69_ your picture makes you look like a serious fag. #justsayin lol,hate
109,"Youre a fucking ugly bitch, I wanna stab you to death and then play around with your blood -Patrick Bateman",hate
535,ThomasNye1 oh u can dog her out but don't show that hoe no love if u doing it with ya ol lady,offensive
343,RT BaddieBellaDona: Instant mashed potatoes are trash &#128686;,none
215,RT SaertjeMirror: I am a zebra amongst the sheep.,none
290,"RT TwitchyTeam: Low turnout reported, but Charlie Crist just filed and emergency motion to extend voting hours in Broward Co. ",none
515,"""Have you seen my shows? Have you seen my hoes? If I wasn't hot would they be so thick?""",offensive
370,"TasogarenoRaiko If you decide to do Damara, you should make her a gladiola. We have gorgeous rust-colored ones coming up over here.",none
88,RT MANIAC3X: NotoriousBM95 Woody_AFC _WhitePonyJr_ santi_4l Bamoose12 start crying and stalking him faggot. I want to laff,hate
386,Titan4Ever2488 how are Yankees games on the radio? Good announcers?,none
140,Newser big fucking deal...cry baby niggers,hate
21,SteveStockmanTX hes just a friggin idiot that can say anything and his redneck teabagger constituants buy it. They love stupid people,hate
204,RT B1B_Lancer: Cue the liberal left's Uncle Tom attacks against Tim Scott in 4...3...2... #tcot #teaparty #GOP,none
214,"dolphrudager Only one current Yankee sells! Only one current BoSox sells! Only ONE player on each L.A. team sells! Most teams have 0, yeah.",none
354,"Have you ever popped champagne on a plane, while gettin some brain 
Whipped it out, she said ""I never seen Snakes on a Plane""",none
15,PatriotsOrg Screw the ragheads.,hate
73,Versanche only faggots drive stick,hate
65,It's so shady when you bitches talk to guys w/ girlfriends that's so disrespectful to do to another girl,hate
217,"jasonjwilde On that 4th down incompletion, both the slants looked like better options. Shame, but there&#8217;s a youth &amp; lack of trust going on.",none
297,"Good! She's a ghetto thug! &#8220;grasswire: ""So FPD just arrested SenNasheed for being in the street. #Ferguson&#8221; ",none
510,Raised Round real niccas no decoy,offensive
578,N%a hit the butta slide at the end of that bitch &#128514;,offensive
467,RT Miss_Jamieeee: &#8220;iDocLyfe: The Power Thrust  really in that hoe omg &#128514;&#128514;&#128527;,offensive
401,Blood this nigga Dion retarded,offensive
25,"Dad just yelled out ""in bout to fry some chicken like a nigger""",hate
177,"If you would have followed George Washington in 1776, it means that you're white trash.",hate
54,Buckm00se all us beaners were pissed like robert when the jew ref stopped it,hate
552,"Fuck that Dancehall shit, thru that #TWERKTAPE on bitch",offensive
344,ACMobbDeep madsbennett yeah I run over squirrels and coons,none
563,&#8220;_Perarl: Im so happy in the morning after I shave my pussy cuteness always sets me up for a good day&#128522;&#8221;u need some dick,offensive
582,Dick so little ugly hoes tryna find me.,offensive
498,red_daddy17 lilJohn_Fnv9 man fck dat tranny.... Juwanna man ass nigga....,offensive
232,She's just mad cuz her big toe looks like an angry bird! Haha,none
331,"eGoTheIcoN those ""trash"" SnD stars would scrape ur team in SnD and most pro teams.",none
438,My nigga got me hanging out with his fat catfish bitch smh,offensive
18,"""Who the fuck you callin jiggaboo, nigga?!""",hate
356,Khloee's new backpack that we colored last night! &#127912; ,none
527,Still downtown with these bitches.,offensive
296,"under my windoowww &#8220;brettcanfly: Bleaching your teeth, smiling flash, talking trash, under your breath&#8221;",none
523,allsportsbruh literally retarded. You were dropped on your head.,offensive
540,"RT LoyalPeopleOnly: Kanye was like... ""If ANY of you bitches even THINK about attacking me in the elevator&#128527;""

",offensive
564,"!!!!!!""__BrighterDays: I can not just sit up and HATE on another bitch .. I got too much shit going on!""",offensive
9,MarkHalperin WSJopinion BarackObama Anything to trash this black President!!,hate
101,"Fugazi3011 ""leave you beaner retard""",hate
52,Women who are feminist are the ugly bitches who cant find a man for themselves,hate
359,BarackObama Biden was a winner last night? Yea right like Charlie Sheen Really was a a winner too.... #winning lol,none
90,ktpowers98 WendyDavisTexas Ha Ha Ha no good fat dyke,hate
95,kitten_nugget69 stfu dyke looking hoe.,hate
7,wclemons thejoelberggren anthonycumia you little fag. At least I will fuck a Woman to have kids. Plus work to support them. Hipster homo,hate
516,CallMeRenee_ &#128514;&#128514;&#128514;&#128553;&#9996;&#65039; my bad bitch im logged in on everybody shit,offensive
283,"""I am a thrill billy..with a hillbilly heart."" -billyraycyrus. HAHAHAHAHA Jesus Murphy!",none
589,I hate a nosey bitch like mind yah business,offensive
226,Supporters of officer Darren Wilson rally in St Louis  #ferguson #kkk #tcot #tpot #teabaggers #teaparty,none
156,garrett_winker wow u hoe is the term for women,hate
0,"RT Tiqqz: ShinSnipes i woke up with a sore throat, im cold, niggers will be niggers. so terrible",hate
179,Shmalec13 ya fag,hate
479,"RT TeGustaaa: If you suppose to be a man, don&#8217;t be a bitch.",offensive
111,"_Andrizzy_ aw drake is, do you sit in the corner and cry when you listen to him? lmfao, pussy dick rider, how drakes cock taste faggot.",hate
369,RT Shalewis09: Larry Elder is an Uncle Tom. I cannot believe how he is degrading a child.,none
312,"93 feature car

1 of 1503 yellow and black feature car. buck tag is on the radiator support. 67,3xx miles,... ",none
419,RT LouieVRee: If that nigga Santa come to the hood niggas gonna rob him for his sleigh and his ho ho hoes,offensive
300,cheeky lol RT _MELiSA_jay: I want those all black and yellow 95's again... ughh I &#9825; those,none
521,"1SonofYahweh he aint a real nigger, oh my bad a real nigga, but praise the sonsof satan for having not a realnigger qualitaties. Im hating?",offensive
78,RT Juicy_Squeaky: Any bitch who need a crowd to fight is clearly easily influenced &amp; weak minded &amp; most likely will commit suicide &#128514;&#128514;,hate
23,RT Poochda63: I go to take the trash out and a darkskin nigga stole my damn garbage,hate
286,"RT HistoryInPics: Allied soldiers mock Hitler atop his balcony at the Reich Chancellery, by Fred Ramage, 1945 ",none
394,The Pirates have made the playoffs and the Yankees are out...hell has frozen over,none
139,bellaangeletti no ud still be a fag if I was lolz,hate
87,SMASEY you're such a faggot,hate
35,Need a bitch to drop it down for a niggah,hate
306,Jihadi John beheader of journalist Foley and Sotloff Was 'Arab Charity Collector'  via BreitbartNews,none
324,Pierce would've easily drained all these shots with us. He's so trash now smh,none
49,IamShady_ that's not even a real word! Must have hit a blunt and started making up shit with your nigger ass lol,hate
239,RT boominator: &#8220;CureOurCountry: Rand Paul mocks Clinton with #HillarysLosers pics with failed candidates  ,none
299,In-N-Out is like the sunshine and blue sky. The song of a bird. A smile at the front porch. The perfume of the ocean on wind-kissed cheeks.,none
260,"Meet India&#8217;s amazing, death-defying monkey king &#8594;  ",none
548,ShawnieceQB i remember a time when Hilfiger wus seen as being above Polo...until he said he aint wan niggers wearing his ish...,offensive
143,The thing about working with black people. These bitches never on fucking time then wanna complain about a short check. Bitch die.Today. now,hate
244,RT MCGetBizzy: Rise of the planet of the apes ,none
292,Floppy bird chalmers over here taking after his hero LeBron,none
165,"RT SUCKEDOFF: 3 MOST COMMON WHITE PEOPLE ACTIVITIES:

1. Wearing Tapout

2. Shooting up schools

3. Calling you a nigger on Xbox",hate
507,RJ_diggins86 get some sleep pussy.,offensive
26,"yawlknow HoskinsTy96 ""all of these rednecks and none of them can keep the fire lit"" &#128514;&#128514;",hate
28,"I'm starting to not like meek, this nig a lil to arrogant for me",hate
162,Your acting like a spoiled little faggot have fun,hate
115,Ceasefire?Let's see how long those towel heads can go without trying to attack Israel then cry to national media when they get popped again,hate
522,"RT HennyHeathen: Bitches eat mad beef,drink Henny and do the shmoney dance that's why they pussy always stink",offensive
567,I been getting money I ain't worried bout a hoe &#128175;&#128584;&#9996;&#65039;&#128526;&#128081;&#128076;&#128591;&#128129;,offensive
330,Mdnate interested. Just wanted to see a better pic of the soles,none
235,"I would like to test and see how long your tongue really is, my lady. [eggplant emoji] Tinashe",none
284,&#8220;__Black_Jesus: &#8220;lil_aerii: Happy new year &#127882;&#127881;&#127881;&#127881;&#127881;&#127881;&#127881;&#127882;&#127882;&#8221; check yo clock Hun we got another hour lol..&#8221;they just did the lil count down thing,none
415,"RT Anointed_Mouf: Would be so happy, so many bitches would be humbled RT djdmt: How would you feel if they discontinued the sale of weave""",offensive
321,"alexnolan1990 claddos takutaneka regankelly91 ill give you a tip, beware of the ugly birds who hide behind massive lensed sunnies!",none
591,"RT Luisaco_: Tonymartinezz15 dude last day, fuck it walk out that bitch",offensive
79,hellootitty nigger,hate
413,"I got no pic up lines I stay on my grind I tell a bitch all the time ""bitch get in my car "" I got my 64 Ridin on Dayton spokes !",offensive
130,You a hoe if you crying because yo ass pregnant. It was all smiles while you was riding that dick bitch.,hate
481,BengyBenFrank niggah follow me back &#128529;,offensive
113,Smh u niggers &amp; ur music knowledge,hate
363,#Yankees Damn. Well Joe that move to the bullpen really helped.,none
364,#np Shy Glizzy - Awwsome (Remix) (Feat. 2 Chainz &amp; A$AP Rocky) via Spinrilla. ,none
590,OsvaldoVause kik me u nigglet I need to know when we outs to the pool,offensive
210,Officials: Jihadi Cockroaches Now Booking Tickets On Cruise Ships To Syria  ,none
186,RT occdissent: Ann Coulter admits on FOX News that America has a negro problem. #crime #tcot #gettingreal,hate
266,"""FloKid88: As long as the Lakers trash from now on, I could careless. And that's real."". CC: BENBALLER hahaha",none
108,California is home to skater trash.,hate
184,#milesthompson #goauche #wetback #ca ,hate
16,kieffer_jason oh but I am and my grades say other wise so u can stfu and get off my Twitter or u can box simple ass that pussy boy,hate
288,I really want a girl to make me some brownies &#128553;&#128557;,none
93,RT NateThaAlmighty: niggas talk more than bitches these days.,hate
541,You can't trust no chick that got a pet cat b those bitches be mad sneaky,offensive
133,"#TrayvonMartin referred to Zimmerman as a ""creepy ass cracker"". Racist thug.",hate
33,bitches be like i'm mixed wit Italian Chinese nd African American I be like bitch just cuz you ate ur&#8230; ,hate
371,JamesdaJewison &lt;&lt;BEST NAME ON TWITTER EVER!! AKA; Jewbacca&lt;&lt;SECOND BEST NAME ON TWITTER!!,none
59,"RT DefendWallSt: ...wow? RT 1SleepingGiant: Whatever! Fuck all those assholes. They're niggers, they all look alike to me.",hate
53,nosfiend215 faggot696969 niggers,hate
443,I rarely drink so drunk bitches irritate me,offensive
82,RT salomanizor: Too many faggots on here that think they can address me by my first name,hate
512,"&#8220;Mix_Mommie: I hate when bitches do that ""who are you talking to"" shit like clearly you.&#8221;I be like ""BITCH WIT DA RED DOOR HOE""&#128514;&#128514;",offensive
539,School sucks more dick than the hoes who attend it.,offensive
378,RT Yankees: The EmpireStateBldg shines its lights in #Yankees pinstripes in honor of Derek Jeter. #FarewellCaptain ,none
277,"RT markhoppus: Yes, yes I know all about the FOB reconciliation. IT WAS MY IDEA! You're welcome.",none
470,nikkiconner13 bellabelcastro trippy hoes &#127744;&#127744;,offensive
195,The #midwest of the US is white trash.,hate
20,who__CHRISJONES WhyYouSoShort who is dis crack ass cracker,hate
322,RT netflix: Here's your first look at Charlie Cox as Matt Murdock in #Marvel's Daredevil on #Netflix #NYCC ,none
75,' Don't sleep on ma niggah CHood &#128076; CharleyHood &#128175;&#128175;,hate
10,RT dirtyskimask: Lmaooo Friday After Next? &#8220;1stName_Bravo: You like that yo son's a fag?&#8221;,hate
500,RT SortaBad: A boy won the Scripps Spelling Bee by spelling 'knaidel'. Used in a sentence: I'll never get any pussy because I know how to &#8230;,offensive
576,kmagalyv some scandalous hoes then!!! Lmao,offensive
278,"&#8220;A_Brown_30: Frogger, best game ever&#8221; only cuz You suck at flappy bird",none
436,"&#8220;bigg_boss23: I never get on twitter but when I do, I get in bitch fights with niggas. not even females bruh..&#8221; ",offensive
339,Delusional #teabagger thinks he can stop #gay marriage in #Wisconsin  #lgbt #teaparty #gaymarriage #ssm,none
347,Y'all sleep on Shy Glizzy &#128564; Young Jefe&#128520;,none
224,akaREKT LadyVodkax in with the go to air out with the bad air and where's my next brownie,none
383,if ur girl watch Snapped in front of u she trying to spook u!!!,none
30,2 beer queer,hate
158,bitchkrieg like the new AVI. My Twitter is retarded and shows you in the cubs hat but when I stalk your profile it show the new one,hate
556,RT jusabadgirl_: Nothing I hate more than a SNEAKY bitch,offensive
399,RT Pointdexter: Charlie Sheen gets it ,none
459,Find a big butt bitch somewhere and get my nuts kissed &#127911;&#127911;&#128252;&#127925;&#127925;&#127925;,offensive
549,Ahmed's moms bomb pussy&gt;&gt;&gt;,offensive
503,&#8220;Traceydee98: I want pussy for dinner&#8221;,offensive
230,"Mr President &amp; homeland security, please ignore any foreign threats and focus your sole attention on our police force #ACAB #LANDOFTHEFREE",none
482,AmericaAnti You're dismissed bitch. Not in the mood for fucktards this morning. #Blocked Darknight420,offensive
414,This bitch says she's got 150% in school... What the fuck is that bullshit,offensive
142,Gabby's a bitch and has two accounts,hate
185,Iont see how some of you niggas fags!!,hate
594,lilmenifee__ ohh bitch i gotta go fck with my girl my second lil family frfr,offensive
4,shefeelsD_Payne hell naw he ain't he the star of that team lol but I'm sure that white honkey called him a nigga,hate
48,RT Italian_Montana: &#8220;arosati96: The bromance between pat and ant is real&#8221; fuck that faggot,hate
310,"note to self: boiling water hot, monkey brain",none
425,&#8220;CiddyP_60: I wouldn't trust a male cheerleader  All cuz .&#8221; Cimarron got one &#128514; &amp; he got ALLLL the bitches,offensive
182,"""CB_Baby24: white_thunduh alsarabsss"" hes a beaner smh you can tell hes a mexican",hate
449,Slaw ass team time to start dat bitch ova,offensive
499,"Apple sauce, bitch.",offensive
346,"RT InnocentMarina6: *Goes to Yankee candle*

*buys beer scented candle*

*goes home, lights it* 

*waits for a boyfriend*",none
592,wonder if they gon have em for the low on nigger friday....,offensive
193,Arbogucci guys not supposed to get their ass sucked queer,hate
37,JungleFeverFren fuck u nigger,hate
456,"RT YaBoyMJ23: rt for the real niggas
fav for the bitch niggas ",offensive
247,&#128530; my nerves are being worked cos of my monkey &#128529;&#128545;,none
398,MinuteManX1776 TheyKnowNotWhat &lt;&lt; closet muzzie MayberryJustin AllForCountry LilMissPrepper ritzy_jewels glinsan1,none
106,Heard that bitch gtta thang for them boss niggas,hate
42,dantoomey2 fuck you faggot,hate
201,"I know I'm a hillbilly, but is there anything better than a big pot of beans and cornbread? Little hot sauce on top.",none
89,"RT _politeASSHOLE: 4) Only pussy niggas who suck dick cry about someone being in their mentions, tweet the person then cry again about the&#8230;",hate
533,I got a measly 506 followers on Instagram that's probably why these bitches ain't takin me serious,offensive
243,simons_lives keep in shape for the ski slopes,none
455,Leave the bitchen to bitches,offensive
141,"RT kcarmouche: How you real, don't put NO money on you nigga books? But chu buy a bitch Chanel just to hit the Puss!",hate
519,"&#8220;Jaime_915: Thompson_Era HannahAlisee null bruh they both alive thats hans bitch who died&#8221;

Oh well FBD &#128514;",offensive
272,SSickStory Lester tried to eat your bird,none
100,"drboycewatkins1 Coons and monkeys like you disgust me, you minstrel show negro. Crying about shit all the time you're a disgrace everywhere",hate
473,I really committed to fucking with the richest of bitches,offensive
412,"' South Central niggahs really don't be lovin these hoes , these hoes don't be lovin these niggahs &#1041233; . We just be... ",offensive
484,RT _KJTheGreat: Four Brothers showed the bitch in a lot of niggas. I would've killed. I would've killed Victor Sweet if I was one of his l&#8230;,offensive
471,RT Jazsmin__: You always ugly to a bitch that don't like you&#128564;,offensive
593,RT DBlockDeuce_215 My Face when bitches expect me to care ,offensive
67,RT Kriegsson: On Nigger Day we honor nigger traditions by not working.,hate
281,"RT Giants: Mariano Rivera now has a street outside Yankee Stadium named after him, which Giants have also had similar honors: ",none
534,RodMarley44 fr 12 was Finna bam a nicca he said yu lucky I jus got a robbery call,offensive
91,"Fuckin' #faggots, man. #science knows these FUCKS can't procreate without the help of ""breeders"" but we treat them #fancy? #sin",hate
566,I'm just gonna get my dog to eat a bitch,offensive
76,I really just want to kill some towel head terrorists already &#128530; can high school be over now please?,hate
444,Scrappy got the hoes &#128056;&#9749;&#65039;.. It's 3 of em on stage I wonder how many in the audience,offensive
334,RT Luke5SOS: 5sos are trash !,none
211,GregHillWAAF soo what you putting on those crackers Gregg?,none
119,chanelisabeth that nigger music,hate
409,RT lyvvvm: I'm such a bitch lmao I really just say what's on my mind though can't help it,offensive
265,"RT delphrano: Berto couldn't KO this dude who wanted to get KO'd&#8230;Berto's trash, Upsher's trash, that fight was trash. #BronerTaylor #Boxing",none
24,It's a lot of Uncle Tom ass niggas out here.,hate
97,sbsylvester kieffer_jason hunterbuch66 bitch u ugly then hoe,hate
68,MrMooncricket FuckTheMallcops AtBlackface UncleUnco BobbyBotsods RacistNegro69 y'all is coons n uncle toms,hate
31,"Look at this coon ass nigga here..... Standing on a damn toilet, looking around for his manhood...&#8230; ",hate
151,"""Don't worry about the nigga you see, worry about the nigga you DON'T see... Dat's da nigga fuckin yo bitch.""",hate
8,sizzurp__ bootyacid ILIKECATS74 yoPapi_chulo go back to lego club faggot,hate
13,#ReasonsWeCantBeTogether if u was talkin to my nig or smashed da homies,hate
172,"I wish faggots like tyga would stop making music, rack city was fucking awful. Get the fuck outta michigan.",hate
150,EvanDMyers nineinchessoft you have a redneck attitude. The same people that think Benghazzi is real think Fox fake nws is real. Your one,hate
22,Sonnen is a faggot,hate
353,Someone come take these brownies away from me before I eat the whole pan!,none
135,GlitteredInPink hoe don't tweet me,hate
188,RT LuieSanches: PROUDLY a racist. u dumb nigger,hate
69,You're a faggot if you use the cover your face emoji,hate
183,Steven_ratata bye youre a queer,hate
429,KILLQuana choke on something hoe,offensive
485,SteveStockmanTX didnt you propose the brilliant idea of college students packing heat? You are a savant! #dumbass teabaggers,offensive
206,FrancoisKilljoy Marshall Law! Whatever you coon,none
116,saraelizabethj4 that's what happens when you date a colored,hate
228,"""jethromass: Photo:  he is in sole heaven",none
595,This bitch is so annoying&#128530;&#128530;,offensive
511,RT GettEmm_Jay: So before you wear a thong get yo pussy in check,offensive
50,Chicks love these ugly hipster faggots. Prolly cause they look like the dad that was never in their life.,hate
279,Pepper_Redbone Yankees Mets Exactly by folks who can't favor to get into that lovely old stadium.,none
572,&#8220;Quis_2TurntUp: &#8220;1017_Sqquad: Iont got no type&#8221;bad bitches is the only thing that I like &#128111;&#128131;&#128131;&#8221;aye I'm just living life,offensive
453,RT LeezyTheWarrior: Can't be letting them messy hoes mess with yo business...,offensive
72,RT bankheist: you're a retard ShawnaCarr99,hate
263,RT TedNugent: Gun control talks with gunrunning Eric Holder on board. We r the planet of the apes,none
314,peteyhoti that funky monkey,none
246,Wow redskins don't want this,none
558,Laurenlablue11 basically we ain't got room for basic bitches.,offensive
66,"infidelpamelaLC I'm going to blame the black man, since they always blame ""whitey"" I'm an equal opportunity hater.",hate
144,Stu a rape faced faggot man I'm sick of this nigga,hate
81,Sorry fo da rant. It make me mad and ashamed to be colored. I wish I be white so y'all would like me,hate
46,My advice of the day: If your a tranny.....go fuck your self! ,hate
203,Chris Paul trash LMFAO,none
291,"Any solution to ZOG which doesn't deal with demographics - only laws - is no solution.
#NorthwestImperative
",none
256,"jesslaw Ha! I'm actually going to see a Yankee game, as weird as it sounds. My uncle's house in NJ is an hour away.",none
282,On a mission to find some zebra cakes,none
305,"WEBBERS! RT DMILZ4: Sz13 vnds restorers dream, cracked midsole, sole separation, and fogged bubbles. 150 ",none
452,RT ImNotTwitFamous: Bob Marley wrote about peace but all you hoes remember him for is smoking a blunt,offensive
352,That's right I'm making brownies right now &#128526;&#128523;,none
171,"Misplaced_Momma 
She be what we say in da hood white trash",hate
489,"RT Priceless_KP: It ain nun to cut dat bitch awf 

- Verizon",offensive
561,"""Used to have a girlfriend, now all I got is hoes.. I was lookin for a good girl, but she was fuckin on the low.""",offensive
544,Dress like you're gonna see that bitch you hate everyday &#128139;?,offensive
289,dabbba Pinchehonkey Far as I can tell coon tracks on the cab door window - tractor was parked by some trees away from home,none
405,Dumb nigguh,offensive
294,Our female guinea pig is pregnant &#127882;&#127881;&#127873;&#128525;&#128525;&#128525;,none
107,skrabah Don't my nigga me honkie,hate
307,loves how Day Timers always come with coloured maps and distance charts. It makes me feel far more important then I actually am.,none
520,"Look A Y'all Makeup bitches , Lookin like a ghost when ya wake up bitches",offensive
209,Went to an open house today &amp; the place was trash. Ewww,none
318,RT Buckm00se: abel is a 43 yrs old beaner working  home depot and he didn't want to hang out with you = major L,none
62,My best friend loves Justin beiber what a fag &#128557;&#128514;&#128557; Cryystalina,hate
506,I know yall bitches tell yall selfs #WWHD what would hustlelinaa do &#128514; cuz yall asses stay following me &#128527;,offensive
189,kieffer_jason zach_smith98 NathannDevlin so why the fuck are still talking shit. You acting like a pussy ass nigga,hate
64,Fucking redneck queers and their game invites,hate
585,"thats top off, pop off, im with my dogs like stewie griffin, bitches hear me they be like ooh he rippin",offensive
586,ronniecaine no in the instrumental I'm not retarded -_-,offensive
428,"RT roach_nigga: yall niggas think i just hang around your crib doing nothing, bitch i be getting bread too ",offensive
315,if u eat fried eggs and leave the yolk entirely yellow ur a disgrace and also nasty,none
465,&#8220;JalapenoBright: This hoe waited until she got 45 to make a sextape chile..  OH MY LORD&#128561;,offensive
351,RT That1guyJeff: RT rebeccaisfresh: carrot cake is trash. too sweet. ,none
573,"RT SheisJasNicole: Them hoes are temporary, but a good woman will always be a good woman.",offensive
147,I never had any friends the entire time I lived in #Virginia. No one was cool to me. I hope those white trash Southerners all die.,hate
493,But they only talk on twitter bc pussies in real life,offensive
532,"RT PizzaBeforeHoes: Move dat muscle hoe &#128548; 
""Tell me watchu mad foe""&#128170;&#128514; ",offensive
565,DanielDavidLee xoxoShima ya girl is a slimy ass hoe. get her under control and tell her to stop spraying bullshit out her mouth all day,offensive
543,RT CHlLDHOODRUINER: gotta keep these hoes on point ,offensive
240,"RT breely216: The recommended serving size for brownies is ""all of them.""",none
546,You ain't squad lil bitch,offensive
191,Can't take u coons nowhere &amp; I mean nowhere,hate
400,"don07052 almost mad a nigguh catch some stacks at lunch, close one",offensive
58,RT imDOPE_GetHigh: Whackko man some lame niggah when I find him I'm unfollowing TF out his ass!,hate
466,Pumpkin spice Marlboro's for da hoes,offensive
311,truckpartstores Intended to get pics but didn't have time.. Must be a mud race/event here this weekend.. Is like a redneck convoy out there,none
154,I'm obviously not talking about CoD because that game is for queers.,hate
551,"LampreyMilt DelSchilling BertLoch No woman deserves to be sole stomped like that. He is a bitch, and so is everyone watching doing nada.",offensive
451,"""I'm comparing KFC to the pussy"" MaxOn_MaxOff5",offensive
598,"&#8220;DrMalvo: woods_lamar 



Hidey hidey hoe! White folk be all noyvous round coloreds",offensive
448,"RT YahDontSay: ""TaeCocky: Periods dont stop nothing but a sentence boo, let me taste that pussy.... I bet u taste like quarters"" ",offensive
488,Am I really going to sit here and cry like a bitch....,offensive
117,&#8220;My_Fish_Died: You dammn Weed potheads are annoying af on Twitter&#8221; weed and pot are the same thing faggot,hate
245,mandaxll2963 yellow is even better,none
362,Yankees and we all fell asleep Frizzle18,none
